"Benchmark","Mode","Threads","Samples","Score","Score Error (99,9%)","Unit","Param: a_query","Param: b_engine","Param: z_dbPath"
"fr.gdd.sage.WatdivBenchmark.execute","avgt",1,1,"63,895818",NaN,"ms/op",sage-jena-benchmarks/queries/watdiv_with_sage_plan/query_10084.sparql,"Sage force order",target/watdiv10M
"fr.gdd.sage.WatdivBenchmark.execute","avgt",1,1,"49,927675",NaN,"ms/op",sage-jena-benchmarks/queries/watdiv_with_sage_plan/query_10096.sparql,"Sage force order",target/watdiv10M
"fr.gdd.sage.WatdivBenchmark.execute","avgt",1,1,"2,713097",NaN,"ms/op",sage-jena-benchmarks/queries/watdiv_with_sage_plan/query_10088.sparql,"Sage force order",target/watdiv10M
"fr.gdd.sage.WatdivBenchmark.execute","avgt",1,1,"10,046364",NaN,"ms/op",sage-jena-benchmarks/queries/watdiv_with_sage_plan/query_10022.sparql,"Sage force order",target/watdiv10M
"fr.gdd.sage.WatdivBenchmark.execute","avgt",1,1,"0,364818",NaN,"ms/op",sage-jena-benchmarks/queries/watdiv_with_sage_plan/query_10041.sparql,"Sage force order",target/watdiv10M
"fr.gdd.sage.WatdivBenchmark.execute","avgt",1,1,"0,085114",NaN,"ms/op",sage-jena-benchmarks/queries/watdiv_with_sage_plan/query_10141.sparql,"Sage force order",target/watdiv10M
"fr.gdd.sage.WatdivBenchmark.execute","avgt",1,1,"0,034709",NaN,"ms/op",sage-jena-benchmarks/queries/watdiv_with_sage_plan/query_10130.sparql,"Sage force order",target/watdiv10M
"fr.gdd.sage.WatdivBenchmark.execute","avgt",1,1,"3,487964",NaN,"ms/op",sage-jena-benchmarks/queries/watdiv_with_sage_plan/query_10030.sparql,"Sage force order",target/watdiv10M
"fr.gdd.sage.WatdivBenchmark.execute","avgt",1,1,"6,582313",NaN,"ms/op",sage-jena-benchmarks/queries/watdiv_with_sage_plan/query_0.sparql,"Sage force order",target/watdiv10M
"fr.gdd.sage.WatdivBenchmark.execute","avgt",1,1,"13,315892",NaN,"ms/op",sage-jena-benchmarks/queries/watdiv_with_sage_plan/query_10153.sparql,"Sage force order",target/watdiv10M
"fr.gdd.sage.WatdivBenchmark.execute","avgt",1,1,"10,169102",NaN,"ms/op",sage-jena-benchmarks/queries/watdiv_with_sage_plan/query_10053.sparql,"Sage force order",target/watdiv10M
"fr.gdd.sage.WatdivBenchmark.execute","avgt",1,1,"0,092681",NaN,"ms/op",sage-jena-benchmarks/queries/watdiv_with_sage_plan/query_10106.sparql,"Sage force order",target/watdiv10M
"fr.gdd.sage.WatdivBenchmark.execute","avgt",1,1,"0,031522",NaN,"ms/op",sage-jena-benchmarks/queries/watdiv_with_sage_plan/query_10006.sparql,"Sage force order",target/watdiv10M
"fr.gdd.sage.WatdivBenchmark.execute","avgt",1,1,"1,264173",NaN,"ms/op",sage-jena-benchmarks/queries/watdiv_with_sage_plan/query_1008.sparql,"Sage force order",target/watdiv10M
"fr.gdd.sage.WatdivBenchmark.execute","avgt",1,1,"0,851716",NaN,"ms/op",sage-jena-benchmarks/queries/watdiv_with_sage_plan/query_10118.sparql,"Sage force order",target/watdiv10M
"fr.gdd.sage.WatdivBenchmark.execute","avgt",1,1,"0,463229",NaN,"ms/op",sage-jena-benchmarks/queries/watdiv_with_sage_plan/query_1016.sparql,"Sage force order",target/watdiv10M
"fr.gdd.sage.WatdivBenchmark.execute","avgt",1,1,"2,184227",NaN,"ms/op",sage-jena-benchmarks/queries/watdiv_with_sage_plan/query_10018.sparql,"Sage force order",target/watdiv10M
"fr.gdd.sage.WatdivBenchmark.execute","avgt",1,1,"42,226466",NaN,"ms/op",sage-jena-benchmarks/queries/watdiv_with_sage_plan/query_10165.sparql,"Sage force order",target/watdiv10M
"fr.gdd.sage.WatdivBenchmark.execute","avgt",1,1,"8,466353",NaN,"ms/op",sage-jena-benchmarks/queries/watdiv_with_sage_plan/query_10065.sparql,"Sage force order",target/watdiv10M
"fr.gdd.sage.WatdivBenchmark.execute","avgt",1,1,"4,291894",NaN,"ms/op",sage-jena-benchmarks/queries/watdiv_with_sage_plan/query_10014.sparql,"Sage force order",target/watdiv10M
"fr.gdd.sage.WatdivBenchmark.execute","avgt",1,1,"59,865747",NaN,"ms/op",sage-jena-benchmarks/queries/watdiv_with_sage_plan/query_10114.sparql,"Sage force order",target/watdiv10M
"fr.gdd.sage.WatdivBenchmark.execute","avgt",1,1,"643,962237",NaN,"ms/op",sage-jena-benchmarks/queries/watdiv_with_sage_plan/query_10169.sparql,"Sage force order",target/watdiv10M
"fr.gdd.sage.WatdivBenchmark.execute","avgt",1,1,"0,061582",NaN,"ms/op",sage-jena-benchmarks/queries/watdiv_with_sage_plan/query_1004.sparql,"Sage force order",target/watdiv10M
"fr.gdd.sage.WatdivBenchmark.execute","avgt",1,1,"0,035206",NaN,"ms/op",sage-jena-benchmarks/queries/watdiv_with_sage_plan/query_10077.sparql,"Sage force order",target/watdiv10M
"fr.gdd.sage.WatdivBenchmark.execute","avgt",1,1,"0,477110",NaN,"ms/op",sage-jena-benchmarks/queries/watdiv_with_sage_plan/query_10151.sparql,"Sage force order",target/watdiv10M
"fr.gdd.sage.WatdivBenchmark.execute","avgt",1,1,"13,993530",NaN,"ms/op",sage-jena-benchmarks/queries/watdiv_with_sage_plan/query_10051.sparql,"Sage force order",target/watdiv10M
"fr.gdd.sage.WatdivBenchmark.execute","avgt",1,1,"0,034843",NaN,"ms/op",sage-jena-benchmarks/queries/watdiv_with_sage_plan/query_10132.sparql,"Sage force order",target/watdiv10M
"fr.gdd.sage.WatdivBenchmark.execute","avgt",1,1,"4,113694",NaN,"ms/op",sage-jena-benchmarks/queries/watdiv_with_sage_plan/query_10032.sparql,"Sage force order",target/watdiv10M
"fr.gdd.sage.WatdivBenchmark.execute","avgt",1,1,"0,682559",NaN,"ms/op",sage-jena-benchmarks/queries/watdiv_with_sage_plan/query_10043.sparql,"Sage force order",target/watdiv10M
"fr.gdd.sage.WatdivBenchmark.execute","avgt",1,1,"1,585904",NaN,"ms/op",sage-jena-benchmarks/queries/watdiv_with_sage_plan/query_10143.sparql,"Sage force order",target/watdiv10M
"fr.gdd.sage.WatdivBenchmark.execute","avgt",1,1,"6,181353",NaN,"ms/op",sage-jena-benchmarks/queries/watdiv_with_sage_plan/query_10120.sparql,"Sage force order",target/watdiv10M
"fr.gdd.sage.WatdivBenchmark.execute","avgt",1,1,"1,969726",NaN,"ms/op",sage-jena-benchmarks/queries/watdiv_with_sage_plan/query_10008.sparql,"Sage force order",target/watdiv10M
"fr.gdd.sage.WatdivBenchmark.execute","avgt",1,1,"4,033587",NaN,"ms/op",sage-jena-benchmarks/queries/watdiv_with_sage_plan/query_1006.sparql,"Sage force order",target/watdiv10M
"fr.gdd.sage.WatdivBenchmark.execute","avgt",1,1,"41,236201",NaN,"ms/op",sage-jena-benchmarks/queries/watdiv_with_sage_plan/query_10108.sparql,"Sage force order",target/watdiv10M
"fr.gdd.sage.WatdivBenchmark.execute","avgt",1,1,"4,080119",NaN,"ms/op",sage-jena-benchmarks/queries/watdiv_with_sage_plan/query_10075.sparql,"Sage force order",target/watdiv10M
"fr.gdd.sage.WatdivBenchmark.execute","avgt",1,1,"5,059845",NaN,"ms/op",sage-jena-benchmarks/queries/watdiv_with_sage_plan/query_10016.sparql,"Sage force order",target/watdiv10M
"fr.gdd.sage.WatdivBenchmark.execute","avgt",1,1,"6,389715",NaN,"ms/op",sage-jena-benchmarks/queries/watdiv_with_sage_plan/query_10116.sparql,"Sage force order",target/watdiv10M
"fr.gdd.sage.WatdivBenchmark.execute","avgt",1,1,"0,063553",NaN,"ms/op",sage-jena-benchmarks/queries/watdiv_with_sage_plan/query_1014.sparql,"Sage force order",target/watdiv10M
"fr.gdd.sage.WatdivBenchmark.execute","avgt",1,1,"5,728810",NaN,"ms/op",sage-jena-benchmarks/queries/watdiv_with_sage_plan/query_10167.sparql,"Sage force order",target/watdiv10M
"fr.gdd.sage.WatdivBenchmark.execute","avgt",1,1,"0,069905",NaN,"ms/op",sage-jena-benchmarks/queries/watdiv_with_sage_plan/query_10067.sparql,"Sage force order",target/watdiv10M
"fr.gdd.sage.WatdivBenchmark.execute","avgt",1,1,"0,316222",NaN,"ms/op",sage-jena-benchmarks/queries/watdiv_with_sage_plan/query_10104.sparql,"Sage force order",target/watdiv10M
"fr.gdd.sage.WatdivBenchmark.execute","avgt",1,1,"44,687368",NaN,"ms/op",sage-jena-benchmarks/queries/watdiv_with_sage_plan/query_10004.sparql,"Sage force order",target/watdiv10M
"fr.gdd.sage.WatdivBenchmark.execute","avgt",1,1,"34,198189",NaN,"ms/op",sage-jena-benchmarks/queries/watdiv_with_sage_plan/query_10079.sparql,"Sage force order",target/watdiv10M
"fr.gdd.sage.WatdivBenchmark.execute","avgt",1,1,"0,219932",NaN,"ms/op",sage-jena-benchmarks/queries/watdiv_with_sage_plan/query_10094.sparql,"Sage force order",target/watdiv10M
"fr.gdd.sage.WatdivBenchmark.execute","avgt",1,1,"3,223932",NaN,"ms/op",sage-jena-benchmarks/queries/watdiv_with_sage_plan/query_10098.sparql,"Sage force order",target/watdiv10M
"fr.gdd.sage.WatdivBenchmark.execute","avgt",1,1,"1,252149",NaN,"ms/op",sage-jena-benchmarks/queries/watdiv_with_sage_plan/query_10086.sparql,"Sage force order",target/watdiv10M
"fr.gdd.sage.WatdivBenchmark.execute","avgt",1,1,"0,071344",NaN,"ms/op",sage-jena-benchmarks/queries/watdiv_with_sage_plan/query_10163.sparql,"Sage force order",target/watdiv10M
"fr.gdd.sage.WatdivBenchmark.execute","avgt",1,1,"0,148899",NaN,"ms/op",sage-jena-benchmarks/queries/watdiv_with_sage_plan/query_10063.sparql,"Sage force order",target/watdiv10M
"fr.gdd.sage.WatdivBenchmark.execute","avgt",1,1,"0,371783",NaN,"ms/op",sage-jena-benchmarks/queries/watdiv_with_sage_plan/query_100.sparql,"Sage force order",target/watdiv10M
"fr.gdd.sage.WatdivBenchmark.execute","avgt",1,1,"12,001386",NaN,"ms/op",sage-jena-benchmarks/queries/watdiv_with_sage_plan/query_1010.sparql,"Sage force order",target/watdiv10M
"fr.gdd.sage.WatdivBenchmark.execute","avgt",1,1,"450,572317",NaN,"ms/op",sage-jena-benchmarks/queries/watdiv_with_sage_plan/query_10100.sparql,"Sage force order",target/watdiv10M
"fr.gdd.sage.WatdivBenchmark.execute","avgt",1,1,"0,347328",NaN,"ms/op",sage-jena-benchmarks/queries/watdiv_with_sage_plan/query_10000.sparql,"Sage force order",target/watdiv10M
"fr.gdd.sage.WatdivBenchmark.execute","avgt",1,1,"7,832169",NaN,"ms/op",sage-jena-benchmarks/queries/watdiv_with_sage_plan/query_10071.sparql,"Sage force order",target/watdiv10M
"fr.gdd.sage.WatdivBenchmark.execute","avgt",1,1,"9,414204",NaN,"ms/op",sage-jena-benchmarks/queries/watdiv_with_sage_plan/query_10171.sparql,"Sage force order",target/watdiv10M
"fr.gdd.sage.WatdivBenchmark.execute","avgt",1,1,"0,515188",NaN,"ms/op",sage-jena-benchmarks/queries/watdiv_with_sage_plan/query_1002.sparql,"Sage force order",target/watdiv10M
"fr.gdd.sage.WatdivBenchmark.execute","avgt",1,1,"15,194953",NaN,"ms/op",sage-jena-benchmarks/queries/watdiv_with_sage_plan/query_10112.sparql,"Sage force order",target/watdiv10M
"fr.gdd.sage.WatdivBenchmark.execute","avgt",1,1,"4,013814",NaN,"ms/op",sage-jena-benchmarks/queries/watdiv_with_sage_plan/query_10047.sparql,"Sage force order",target/watdiv10M
"fr.gdd.sage.WatdivBenchmark.execute","avgt",1,1,"0,093969",NaN,"ms/op",sage-jena-benchmarks/queries/watdiv_with_sage_plan/query_10147.sparql,"Sage force order",target/watdiv10M
"fr.gdd.sage.WatdivBenchmark.execute","avgt",1,1,"9,924914",NaN,"ms/op",sage-jena-benchmarks/queries/watdiv_with_sage_plan/query_10059.sparql,"Sage force order",target/watdiv10M
"fr.gdd.sage.WatdivBenchmark.execute","avgt",1,1,"75,340503",NaN,"ms/op",sage-jena-benchmarks/queries/watdiv_with_sage_plan/query_10159.sparql,"Sage force order",target/watdiv10M
"fr.gdd.sage.WatdivBenchmark.execute","avgt",1,1,"0,089604",NaN,"ms/op",sage-jena-benchmarks/queries/watdiv_with_sage_plan/query_10024.sparql,"Sage force order",target/watdiv10M
"fr.gdd.sage.WatdivBenchmark.execute","avgt",1,1,"1447,171530",NaN,"ms/op",sage-jena-benchmarks/queries/watdiv_with_sage_plan/query_10124.sparql,"Sage force order",target/watdiv10M
"fr.gdd.sage.WatdivBenchmark.execute","avgt",1,1,"0,066446",NaN,"ms/op",sage-jena-benchmarks/queries/watdiv_with_sage_plan/query_10155.sparql,"Sage force order",target/watdiv10M
"fr.gdd.sage.WatdivBenchmark.execute","avgt",1,1,"0,115470",NaN,"ms/op",sage-jena-benchmarks/queries/watdiv_with_sage_plan/query_10055.sparql,"Sage force order",target/watdiv10M
"fr.gdd.sage.WatdivBenchmark.execute","avgt",1,1,"3,253129",NaN,"ms/op",sage-jena-benchmarks/queries/watdiv_with_sage_plan/query_10128.sparql,"Sage force order",target/watdiv10M
"fr.gdd.sage.WatdivBenchmark.execute","avgt",1,1,"0,078803",NaN,"ms/op",sage-jena-benchmarks/queries/watdiv_with_sage_plan/query_10028.sparql,"Sage force order",target/watdiv10M
"fr.gdd.sage.WatdivBenchmark.execute","avgt",1,1,"3,902373",NaN,"ms/op",sage-jena-benchmarks/queries/watdiv_with_sage_plan/query_10136.sparql,"Sage force order",target/watdiv10M
"fr.gdd.sage.WatdivBenchmark.execute","avgt",1,1,"0,203740",NaN,"ms/op",sage-jena-benchmarks/queries/watdiv_with_sage_plan/query_10036.sparql,"Sage force order",target/watdiv10M
"fr.gdd.sage.WatdivBenchmark.execute","avgt",1,1,"0,573617",NaN,"ms/op",sage-jena-benchmarks/queries/watdiv_with_sage_plan/query_10090.sparql,"Sage force order",target/watdiv10M
"fr.gdd.sage.WatdivBenchmark.execute","avgt",1,1,"4,299492",NaN,"ms/op",sage-jena-benchmarks/queries/watdiv_with_sage_plan/query_10092.sparql,"Sage force order",target/watdiv10M
"fr.gdd.sage.WatdivBenchmark.execute","avgt",1,1,"5,826135",NaN,"ms/op",sage-jena-benchmarks/queries/watdiv_with_sage_plan/query_10080.sparql,"Sage force order",target/watdiv10M
"fr.gdd.sage.WatdivBenchmark.execute","avgt",1,1,"0,147010",NaN,"ms/op",sage-jena-benchmarks/queries/watdiv_with_sage_plan/query_10010.sparql,"Sage force order",target/watdiv10M
"fr.gdd.sage.WatdivBenchmark.execute","avgt",1,1,"4,817879",NaN,"ms/op",sage-jena-benchmarks/queries/watdiv_with_sage_plan/query_10110.sparql,"Sage force order",target/watdiv10M
"fr.gdd.sage.WatdivBenchmark.execute","avgt",1,1,"30,129342",NaN,"ms/op",sage-jena-benchmarks/queries/watdiv_with_sage_plan/query_10073.sparql,"Sage force order",target/watdiv10M
"fr.gdd.sage.WatdivBenchmark.execute","avgt",1,1,"5,123196",NaN,"ms/op",sage-jena-benchmarks/queries/watdiv_with_sage_plan/query_10173.sparql,"Sage force order",target/watdiv10M
"fr.gdd.sage.WatdivBenchmark.execute","avgt",1,1,"1483,680804",NaN,"ms/op",sage-jena-benchmarks/queries/watdiv_with_sage_plan/query_1000.sparql,"Sage force order",target/watdiv10M
"fr.gdd.sage.WatdivBenchmark.execute","avgt",1,1,"10,394936",NaN,"ms/op",sage-jena-benchmarks/queries/watdiv_with_sage_plan/query_10102.sparql,"Sage force order",target/watdiv10M
"fr.gdd.sage.WatdivBenchmark.execute","avgt",1,1,"0,083687",NaN,"ms/op",sage-jena-benchmarks/queries/watdiv_with_sage_plan/query_10002.sparql,"Sage force order",target/watdiv10M
"fr.gdd.sage.WatdivBenchmark.execute","avgt",1,1,"12,868957",NaN,"ms/op",sage-jena-benchmarks/queries/watdiv_with_sage_plan/query_10161.sparql,"Sage force order",target/watdiv10M
"fr.gdd.sage.WatdivBenchmark.execute","avgt",1,1,"28,935194",NaN,"ms/op",sage-jena-benchmarks/queries/watdiv_with_sage_plan/query_1012.sparql,"Sage force order",target/watdiv10M
"fr.gdd.sage.WatdivBenchmark.execute","avgt",1,1,"0,062589",NaN,"ms/op",sage-jena-benchmarks/queries/watdiv_with_sage_plan/query_10149.sparql,"Sage force order",target/watdiv10M
"fr.gdd.sage.WatdivBenchmark.execute","avgt",1,1,"0,373934",NaN,"ms/op",sage-jena-benchmarks/queries/watdiv_with_sage_plan/query_10049.sparql,"Sage force order",target/watdiv10M
"fr.gdd.sage.WatdivBenchmark.execute","avgt",1,1,"13,515598",NaN,"ms/op",sage-jena-benchmarks/queries/watdiv_with_sage_plan/query_10134.sparql,"Sage force order",target/watdiv10M
"fr.gdd.sage.WatdivBenchmark.execute","avgt",1,1,"0,067982",NaN,"ms/op",sage-jena-benchmarks/queries/watdiv_with_sage_plan/query_10034.sparql,"Sage force order",target/watdiv10M
"fr.gdd.sage.WatdivBenchmark.execute","avgt",1,1,"0,549015",NaN,"ms/op",sage-jena-benchmarks/queries/watdiv_with_sage_plan/query_10157.sparql,"Sage force order",target/watdiv10M
"fr.gdd.sage.WatdivBenchmark.execute","avgt",1,1,"2,360409",NaN,"ms/op",sage-jena-benchmarks/queries/watdiv_with_sage_plan/query_10057.sparql,"Sage force order",target/watdiv10M
"fr.gdd.sage.WatdivBenchmark.execute","avgt",1,1,"1,128193",NaN,"ms/op",sage-jena-benchmarks/queries/watdiv_with_sage_plan/query_10026.sparql,"Sage force order",target/watdiv10M
"fr.gdd.sage.WatdivBenchmark.execute","avgt",1,1,"0,321963",NaN,"ms/op",sage-jena-benchmarks/queries/watdiv_with_sage_plan/query_10126.sparql,"Sage force order",target/watdiv10M
"fr.gdd.sage.WatdivBenchmark.execute","avgt",1,1,"7,948558",NaN,"ms/op",sage-jena-benchmarks/queries/watdiv_with_sage_plan/query_10045.sparql,"Sage force order",target/watdiv10M
"fr.gdd.sage.WatdivBenchmark.execute","avgt",1,1,"1,849939",NaN,"ms/op",sage-jena-benchmarks/queries/watdiv_with_sage_plan/query_10145.sparql,"Sage force order",target/watdiv10M
"fr.gdd.sage.WatdivBenchmark.execute","avgt",1,1,"3,605522",NaN,"ms/op",sage-jena-benchmarks/queries/watdiv_with_sage_plan/query_10038.sparql,"Sage force order",target/watdiv10M
"fr.gdd.sage.WatdivBenchmark.execute","avgt",1,1,"3,526817",NaN,"ms/op",sage-jena-benchmarks/queries/watdiv_with_sage_plan/query_10138.sparql,"Sage force order",target/watdiv10M
"fr.gdd.sage.WatdivBenchmark.execute","avgt",1,1,"1,279464",NaN,"ms/op",sage-jena-benchmarks/queries/watdiv_with_sage_plan/query_10064.sparql,"Sage force order",target/watdiv10M
"fr.gdd.sage.WatdivBenchmark.execute","avgt",1,1,"3,922113",NaN,"ms/op",sage-jena-benchmarks/queries/watdiv_with_sage_plan/query_10164.sparql,"Sage force order",target/watdiv10M
"fr.gdd.sage.WatdivBenchmark.execute","avgt",1,1,"5,092370",NaN,"ms/op",sage-jena-benchmarks/queries/watdiv_with_sage_plan/query_10019.sparql,"Sage force order",target/watdiv10M
"fr.gdd.sage.WatdivBenchmark.execute","avgt",1,1,"10,744126",NaN,"ms/op",sage-jena-benchmarks/queries/watdiv_with_sage_plan/query_10119.sparql,"Sage force order",target/watdiv10M
"fr.gdd.sage.WatdivBenchmark.execute","avgt",1,1,"284,255894",NaN,"ms/op",sage-jena-benchmarks/queries/watdiv_with_sage_plan/query_10007.sparql,"Sage force order",target/watdiv10M
"fr.gdd.sage.WatdivBenchmark.execute","avgt",1,1,"0,083083",NaN,"ms/op",sage-jena-benchmarks/queries/watdiv_with_sage_plan/query_1009.sparql,"Sage force order",target/watdiv10M
"fr.gdd.sage.WatdivBenchmark.execute","avgt",1,1,"0,089250",NaN,"ms/op",sage-jena-benchmarks/queries/watdiv_with_sage_plan/query_10107.sparql,"Sage force order",target/watdiv10M
"fr.gdd.sage.WatdivBenchmark.execute","avgt",1,1,"0,232492",NaN,"ms/op",sage-jena-benchmarks/queries/watdiv_with_sage_plan/query_10076.sparql,"Sage force order",target/watdiv10M
"fr.gdd.sage.WatdivBenchmark.execute","avgt",1,1,"4,438932",NaN,"ms/op",sage-jena-benchmarks/queries/watdiv_with_sage_plan/query_1005.sparql,"Sage force order",target/watdiv10M
"fr.gdd.sage.WatdivBenchmark.execute","avgt",1,1,"0,321693",NaN,"ms/op",sage-jena-benchmarks/queries/watdiv_with_sage_plan/query_10068.sparql,"Sage force order",target/watdiv10M
"fr.gdd.sage.WatdivBenchmark.execute","avgt",1,1,"1,317188",NaN,"ms/op",sage-jena-benchmarks/queries/watdiv_with_sage_plan/query_10115.sparql,"Sage force order",target/watdiv10M
"fr.gdd.sage.WatdivBenchmark.execute","avgt",1,1,"0,119197",NaN,"ms/op",sage-jena-benchmarks/queries/watdiv_with_sage_plan/query_10015.sparql,"Sage force order",target/watdiv10M
"fr.gdd.sage.WatdivBenchmark.execute","avgt",1,1,"2,114909",NaN,"ms/op",sage-jena-benchmarks/queries/watdiv_with_sage_plan/query_10140.sparql,"Sage force order",target/watdiv10M
"fr.gdd.sage.WatdivBenchmark.execute","avgt",1,1,"0,071792",NaN,"ms/op",sage-jena-benchmarks/queries/watdiv_with_sage_plan/query_10040.sparql,"Sage force order",target/watdiv10M
"fr.gdd.sage.WatdivBenchmark.execute","avgt",1,1,"160,729303",NaN,"ms/op",sage-jena-benchmarks/queries/watdiv_with_sage_plan/query_10123.sparql,"Sage force order",target/watdiv10M
"fr.gdd.sage.WatdivBenchmark.execute","avgt",1,1,"0,619599",NaN,"ms/op",sage-jena-benchmarks/queries/watdiv_with_sage_plan/query_10023.sparql,"Sage force order",target/watdiv10M
"fr.gdd.sage.WatdivBenchmark.execute","avgt",1,1,"11,997863",NaN,"ms/op",sage-jena-benchmarks/queries/watdiv_with_sage_plan/query_10052.sparql,"Sage force order",target/watdiv10M
"fr.gdd.sage.WatdivBenchmark.execute","avgt",1,1,"1,136695",NaN,"ms/op",sage-jena-benchmarks/queries/watdiv_with_sage_plan/query_10152.sparql,"Sage force order",target/watdiv10M
"fr.gdd.sage.WatdivBenchmark.execute","avgt",1,1,"1,645386",NaN,"ms/op",sage-jena-benchmarks/queries/watdiv_with_sage_plan/query_10031.sparql,"Sage force order",target/watdiv10M
"fr.gdd.sage.WatdivBenchmark.execute","avgt",1,1,"8,761846",NaN,"ms/op",sage-jena-benchmarks/queries/watdiv_with_sage_plan/query_10131.sparql,"Sage force order",target/watdiv10M
"fr.gdd.sage.WatdivBenchmark.execute","avgt",1,1,"127,293945",NaN,"ms/op",sage-jena-benchmarks/queries/watdiv_with_sage_plan/query_10085.sparql,"Sage force order",target/watdiv10M
"fr.gdd.sage.WatdivBenchmark.execute","avgt",1,1,"2,044361",NaN,"ms/op",sage-jena-benchmarks/queries/watdiv_with_sage_plan/query_10089.sparql,"Sage force order",target/watdiv10M
"fr.gdd.sage.WatdivBenchmark.execute","avgt",1,1,"8,641607",NaN,"ms/op",sage-jena-benchmarks/queries/watdiv_with_sage_plan/query_10097.sparql,"Sage force order",target/watdiv10M
"fr.gdd.sage.WatdivBenchmark.execute","avgt",1,1,"0,050963",NaN,"ms/op",sage-jena-benchmarks/queries/watdiv_with_sage_plan/query_10095.sparql,"Sage force order",target/watdiv10M
"fr.gdd.sage.WatdivBenchmark.execute","avgt",1,1,"0,122350",NaN,"ms/op",sage-jena-benchmarks/queries/watdiv_with_sage_plan/query_10087.sparql,"Sage force order",target/watdiv10M
"fr.gdd.sage.WatdivBenchmark.execute","avgt",1,1,"12,461433",NaN,"ms/op",sage-jena-benchmarks/queries/watdiv_with_sage_plan/query_10099.sparql,"Sage force order",target/watdiv10M
"fr.gdd.sage.WatdivBenchmark.execute","avgt",1,1,"0,065934",NaN,"ms/op",sage-jena-benchmarks/queries/watdiv_with_sage_plan/query_10117.sparql,"Sage force order",target/watdiv10M
"fr.gdd.sage.WatdivBenchmark.execute","avgt",1,1,"4,787736",NaN,"ms/op",sage-jena-benchmarks/queries/watdiv_with_sage_plan/query_10017.sparql,"Sage force order",target/watdiv10M
"fr.gdd.sage.WatdivBenchmark.execute","avgt",1,1,"0,191974",NaN,"ms/op",sage-jena-benchmarks/queries/watdiv_with_sage_plan/query_10074.sparql,"Sage force order",target/watdiv10M
"fr.gdd.sage.WatdivBenchmark.execute","avgt",1,1,"94,116176",NaN,"ms/op",sage-jena-benchmarks/queries/watdiv_with_sage_plan/query_10109.sparql,"Sage force order",target/watdiv10M
"fr.gdd.sage.WatdivBenchmark.execute","avgt",1,1,"28,237215",NaN,"ms/op",sage-jena-benchmarks/queries/watdiv_with_sage_plan/query_10009.sparql,"Sage force order",target/watdiv10M
"fr.gdd.sage.WatdivBenchmark.execute","avgt",1,1,"0,083449",NaN,"ms/op",sage-jena-benchmarks/queries/watdiv_with_sage_plan/query_1007.sparql,"Sage force order",target/watdiv10M
"fr.gdd.sage.WatdivBenchmark.execute","avgt",1,1,"0,068057",NaN,"ms/op",sage-jena-benchmarks/queries/watdiv_with_sage_plan/query_10005.sparql,"Sage force order",target/watdiv10M
"fr.gdd.sage.WatdivBenchmark.execute","avgt",1,1,"161,468429",NaN,"ms/op",sage-jena-benchmarks/queries/watdiv_with_sage_plan/query_10105.sparql,"Sage force order",target/watdiv10M
"fr.gdd.sage.WatdivBenchmark.execute","avgt",1,1,"2,193266",NaN,"ms/op",sage-jena-benchmarks/queries/watdiv_with_sage_plan/query_10066.sparql,"Sage force order",target/watdiv10M
"fr.gdd.sage.WatdivBenchmark.execute","avgt",1,1,"49,174577",NaN,"ms/op",sage-jena-benchmarks/queries/watdiv_with_sage_plan/query_10166.sparql,"Sage force order",target/watdiv10M
"fr.gdd.sage.WatdivBenchmark.execute","avgt",1,1,"0,342696",NaN,"ms/op",sage-jena-benchmarks/queries/watdiv_with_sage_plan/query_1015.sparql,"Sage force order",target/watdiv10M
"fr.gdd.sage.WatdivBenchmark.execute","avgt",1,1,"4,986978",NaN,"ms/op",sage-jena-benchmarks/queries/watdiv_with_sage_plan/query_10033.sparql,"Sage force order",target/watdiv10M
"fr.gdd.sage.WatdivBenchmark.execute","avgt",1,1,"0,080182",NaN,"ms/op",sage-jena-benchmarks/queries/watdiv_with_sage_plan/query_10133.sparql,"Sage force order",target/watdiv10M
"fr.gdd.sage.WatdivBenchmark.execute","avgt",1,1,"0,049665",NaN,"ms/op",sage-jena-benchmarks/queries/watdiv_with_sage_plan/query_10050.sparql,"Sage force order",target/watdiv10M
"fr.gdd.sage.WatdivBenchmark.execute","avgt",1,1,"0,043439",NaN,"ms/op",sage-jena-benchmarks/queries/watdiv_with_sage_plan/query_10121.sparql,"Sage force order",target/watdiv10M
"fr.gdd.sage.WatdivBenchmark.execute","avgt",1,1,"9,683460",NaN,"ms/op",sage-jena-benchmarks/queries/watdiv_with_sage_plan/query_10021.sparql,"Sage force order",target/watdiv10M
"fr.gdd.sage.WatdivBenchmark.execute","avgt",1,1,"4,463873",NaN,"ms/op",sage-jena-benchmarks/queries/watdiv_with_sage_plan/query_10142.sparql,"Sage force order",target/watdiv10M
"fr.gdd.sage.WatdivBenchmark.execute","avgt",1,1,"4,241104",NaN,"ms/op",sage-jena-benchmarks/queries/watdiv_with_sage_plan/query_10042.sparql,"Sage force order",target/watdiv10M
"fr.gdd.sage.WatdivBenchmark.execute","avgt",1,1,"0,176548",NaN,"ms/op",sage-jena-benchmarks/queries/watdiv_with_sage_plan/query_10125.sparql,"Sage force order",target/watdiv10M
"fr.gdd.sage.WatdivBenchmark.execute","avgt",1,1,"1279,581214",NaN,"ms/op",sage-jena-benchmarks/queries/watdiv_with_sage_plan/query_10025.sparql,"Sage force order",target/watdiv10M
"fr.gdd.sage.WatdivBenchmark.execute","avgt",1,1,"15,213233",NaN,"ms/op",sage-jena-benchmarks/queries/watdiv_with_sage_plan/query_10158.sparql,"Sage force order",target/watdiv10M
"fr.gdd.sage.WatdivBenchmark.execute","avgt",1,1,"0,091626",NaN,"ms/op",sage-jena-benchmarks/queries/watdiv_with_sage_plan/query_10058.sparql,"Sage force order",target/watdiv10M
"fr.gdd.sage.WatdivBenchmark.execute","avgt",1,1,"3,776610",NaN,"ms/op",sage-jena-benchmarks/queries/watdiv_with_sage_plan/query_10146.sparql,"Sage force order",target/watdiv10M
"fr.gdd.sage.WatdivBenchmark.execute","avgt",1,1,"0,093422",NaN,"ms/op",sage-jena-benchmarks/queries/watdiv_with_sage_plan/query_10046.sparql,"Sage force order",target/watdiv10M
"fr.gdd.sage.WatdivBenchmark.execute","avgt",1,1,"3,693777",NaN,"ms/op",sage-jena-benchmarks/queries/watdiv_with_sage_plan/query_10037.sparql,"Sage force order",target/watdiv10M
"fr.gdd.sage.WatdivBenchmark.execute","avgt",1,1,"0,124031",NaN,"ms/op",sage-jena-benchmarks/queries/watdiv_with_sage_plan/query_10137.sparql,"Sage force order",target/watdiv10M
"fr.gdd.sage.WatdivBenchmark.execute","avgt",1,1,"5,020486",NaN,"ms/op",sage-jena-benchmarks/queries/watdiv_with_sage_plan/query_10029.sparql,"Sage force order",target/watdiv10M
"fr.gdd.sage.WatdivBenchmark.execute","avgt",1,1,"0,371088",NaN,"ms/op",sage-jena-benchmarks/queries/watdiv_with_sage_plan/query_10129.sparql,"Sage force order",target/watdiv10M
"fr.gdd.sage.WatdivBenchmark.execute","avgt",1,1,"0,043922",NaN,"ms/op",sage-jena-benchmarks/queries/watdiv_with_sage_plan/query_10054.sparql,"Sage force order",target/watdiv10M
"fr.gdd.sage.WatdivBenchmark.execute","avgt",1,1,"0,244296",NaN,"ms/op",sage-jena-benchmarks/queries/watdiv_with_sage_plan/query_10154.sparql,"Sage force order",target/watdiv10M
"fr.gdd.sage.WatdivBenchmark.execute","avgt",1,1,"4,759891",NaN,"ms/op",sage-jena-benchmarks/queries/watdiv_with_sage_plan/query_10001.sparql,"Sage force order",target/watdiv10M
"fr.gdd.sage.WatdivBenchmark.execute","avgt",1,1,"0,392004",NaN,"ms/op",sage-jena-benchmarks/queries/watdiv_with_sage_plan/query_10101.sparql,"Sage force order",target/watdiv10M
"fr.gdd.sage.WatdivBenchmark.execute","avgt",1,1,"1127,791782",NaN,"ms/op",sage-jena-benchmarks/queries/watdiv_with_sage_plan/query_1011.sparql,"Sage force order",target/watdiv10M
"fr.gdd.sage.WatdivBenchmark.execute","avgt",1,1,"3,102285",NaN,"ms/op",sage-jena-benchmarks/queries/watdiv_with_sage_plan/query_10062.sparql,"Sage force order",target/watdiv10M
"fr.gdd.sage.WatdivBenchmark.execute","avgt",1,1,"3,384388",NaN,"ms/op",sage-jena-benchmarks/queries/watdiv_with_sage_plan/query_10162.sparql,"Sage force order",target/watdiv10M
"fr.gdd.sage.WatdivBenchmark.execute","avgt",1,1,"4,140498",NaN,"ms/op",sage-jena-benchmarks/queries/watdiv_with_sage_plan/query_10113.sparql,"Sage force order",target/watdiv10M
"fr.gdd.sage.WatdivBenchmark.execute","avgt",1,1,"0,032145",NaN,"ms/op",sage-jena-benchmarks/queries/watdiv_with_sage_plan/query_10013.sparql,"Sage force order",target/watdiv10M
"fr.gdd.sage.WatdivBenchmark.execute","avgt",1,1,"361,716149",NaN,"ms/op",sage-jena-benchmarks/queries/watdiv_with_sage_plan/query_1003.sparql,"Sage force order",target/watdiv10M
"fr.gdd.sage.WatdivBenchmark.execute","avgt",1,1,"0,063989",NaN,"ms/op",sage-jena-benchmarks/queries/watdiv_with_sage_plan/query_10170.sparql,"Sage force order",target/watdiv10M
"fr.gdd.sage.WatdivBenchmark.execute","avgt",1,1,"2,047190",NaN,"ms/op",sage-jena-benchmarks/queries/watdiv_with_sage_plan/query_10070.sparql,"Sage force order",target/watdiv10M
"fr.gdd.sage.WatdivBenchmark.execute","avgt",1,1,"194,810751",NaN,"ms/op",sage-jena-benchmarks/queries/watdiv_with_sage_plan/query_10056.sparql,"Sage force order",target/watdiv10M
"fr.gdd.sage.WatdivBenchmark.execute","avgt",1,1,"1,916054",NaN,"ms/op",sage-jena-benchmarks/queries/watdiv_with_sage_plan/query_10156.sparql,"Sage force order",target/watdiv10M
"fr.gdd.sage.WatdivBenchmark.execute","avgt",1,1,"5,569889",NaN,"ms/op",sage-jena-benchmarks/queries/watdiv_with_sage_plan/query_10035.sparql,"Sage force order",target/watdiv10M
"fr.gdd.sage.WatdivBenchmark.execute","avgt",1,1,"3,241362",NaN,"ms/op",sage-jena-benchmarks/queries/watdiv_with_sage_plan/query_10135.sparql,"Sage force order",target/watdiv10M
"fr.gdd.sage.WatdivBenchmark.execute","avgt",1,1,"15,142557",NaN,"ms/op",sage-jena-benchmarks/queries/watdiv_with_sage_plan/query_10048.sparql,"Sage force order",target/watdiv10M
"fr.gdd.sage.WatdivBenchmark.execute","avgt",1,1,"6,041257",NaN,"ms/op",sage-jena-benchmarks/queries/watdiv_with_sage_plan/query_10148.sparql,"Sage force order",target/watdiv10M
"fr.gdd.sage.WatdivBenchmark.execute","avgt",1,1,"0,070068",NaN,"ms/op",sage-jena-benchmarks/queries/watdiv_with_sage_plan/query_10139.sparql,"Sage force order",target/watdiv10M
"fr.gdd.sage.WatdivBenchmark.execute","avgt",1,1,"1575,126649",NaN,"ms/op",sage-jena-benchmarks/queries/watdiv_with_sage_plan/query_10039.sparql,"Sage force order",target/watdiv10M
"fr.gdd.sage.WatdivBenchmark.execute","avgt",1,1,"0,101129",NaN,"ms/op",sage-jena-benchmarks/queries/watdiv_with_sage_plan/query_10144.sparql,"Sage force order",target/watdiv10M
"fr.gdd.sage.WatdivBenchmark.execute","avgt",1,1,"1793,927556",NaN,"ms/op",sage-jena-benchmarks/queries/watdiv_with_sage_plan/query_10044.sparql,"Sage force order",target/watdiv10M
"fr.gdd.sage.WatdivBenchmark.execute","avgt",1,1,"0,043746",NaN,"ms/op",sage-jena-benchmarks/queries/watdiv_with_sage_plan/query_10127.sparql,"Sage force order",target/watdiv10M
"fr.gdd.sage.WatdivBenchmark.execute","avgt",1,1,"162,138184",NaN,"ms/op",sage-jena-benchmarks/queries/watdiv_with_sage_plan/query_10027.sparql,"Sage force order",target/watdiv10M
"fr.gdd.sage.WatdivBenchmark.execute","avgt",1,1,"40,952297",NaN,"ms/op",sage-jena-benchmarks/queries/watdiv_with_sage_plan/query_1001.sparql,"Sage force order",target/watdiv10M
"fr.gdd.sage.WatdivBenchmark.execute","avgt",1,1,"3,888606",NaN,"ms/op",sage-jena-benchmarks/queries/watdiv_with_sage_plan/query_10172.sparql,"Sage force order",target/watdiv10M
"fr.gdd.sage.WatdivBenchmark.execute","avgt",1,1,"2,623607",NaN,"ms/op",sage-jena-benchmarks/queries/watdiv_with_sage_plan/query_10072.sparql,"Sage force order",target/watdiv10M
"fr.gdd.sage.WatdivBenchmark.execute","avgt",1,1,"0,191853",NaN,"ms/op",sage-jena-benchmarks/queries/watdiv_with_sage_plan/query_10111.sparql,"Sage force order",target/watdiv10M
"fr.gdd.sage.WatdivBenchmark.execute","avgt",1,1,"61,833703",NaN,"ms/op",sage-jena-benchmarks/queries/watdiv_with_sage_plan/query_10011.sparql,"Sage force order",target/watdiv10M
"fr.gdd.sage.WatdivBenchmark.execute","avgt",1,1,"5,389141",NaN,"ms/op",sage-jena-benchmarks/queries/watdiv_with_sage_plan/query_1013.sparql,"Sage force order",target/watdiv10M
"fr.gdd.sage.WatdivBenchmark.execute","avgt",1,1,"0,225604",NaN,"ms/op",sage-jena-benchmarks/queries/watdiv_with_sage_plan/query_10060.sparql,"Sage force order",target/watdiv10M
"fr.gdd.sage.WatdivBenchmark.execute","avgt",1,1,"10,882942",NaN,"ms/op",sage-jena-benchmarks/queries/watdiv_with_sage_plan/query_10160.sparql,"Sage force order",target/watdiv10M
"fr.gdd.sage.WatdivBenchmark.execute","avgt",1,1,"11,071510",NaN,"ms/op",sage-jena-benchmarks/queries/watdiv_with_sage_plan/query_10003.sparql,"Sage force order",target/watdiv10M
"fr.gdd.sage.WatdivBenchmark.execute","avgt",1,1,"64,715442",NaN,"ms/op",sage-jena-benchmarks/queries/watdiv_with_sage_plan/query_10103.sparql,"Sage force order",target/watdiv10M
"fr.gdd.sage.WatdivBenchmark.execute","avgt",1,1,"0,103816",NaN,"ms/op",sage-jena-benchmarks/queries/watdiv_with_sage_plan/query_10093.sparql,"Sage force order",target/watdiv10M
"fr.gdd.sage.WatdivBenchmark.execute","avgt",1,1,"0,074715",NaN,"ms/op",sage-jena-benchmarks/queries/watdiv_with_sage_plan/query_10081.sparql,"Sage force order",target/watdiv10M
"fr.gdd.sage.WatdivBenchmark.execute","ss",1,1,"95,419917",NaN,"ms/op",sage-jena-benchmarks/queries/watdiv_with_sage_plan/query_10084.sparql,"Sage force order",target/watdiv10M
"fr.gdd.sage.WatdivBenchmark.execute","ss",1,1,"88,930792",NaN,"ms/op",sage-jena-benchmarks/queries/watdiv_with_sage_plan/query_10096.sparql,"Sage force order",target/watdiv10M
"fr.gdd.sage.WatdivBenchmark.execute","ss",1,1,"14,195500",NaN,"ms/op",sage-jena-benchmarks/queries/watdiv_with_sage_plan/query_10088.sparql,"Sage force order",target/watdiv10M
"fr.gdd.sage.WatdivBenchmark.execute","ss",1,1,"48,665083",NaN,"ms/op",sage-jena-benchmarks/queries/watdiv_with_sage_plan/query_10022.sparql,"Sage force order",target/watdiv10M
"fr.gdd.sage.WatdivBenchmark.execute","ss",1,1,"5,830500",NaN,"ms/op",sage-jena-benchmarks/queries/watdiv_with_sage_plan/query_10041.sparql,"Sage force order",target/watdiv10M
"fr.gdd.sage.WatdivBenchmark.execute","ss",1,1,"3,266333",NaN,"ms/op",sage-jena-benchmarks/queries/watdiv_with_sage_plan/query_10141.sparql,"Sage force order",target/watdiv10M
"fr.gdd.sage.WatdivBenchmark.execute","ss",1,1,"0,874208",NaN,"ms/op",sage-jena-benchmarks/queries/watdiv_with_sage_plan/query_10130.sparql,"Sage force order",target/watdiv10M
"fr.gdd.sage.WatdivBenchmark.execute","ss",1,1,"12,878958",NaN,"ms/op",sage-jena-benchmarks/queries/watdiv_with_sage_plan/query_10030.sparql,"Sage force order",target/watdiv10M
"fr.gdd.sage.WatdivBenchmark.execute","ss",1,1,"23,628000",NaN,"ms/op",sage-jena-benchmarks/queries/watdiv_with_sage_plan/query_0.sparql,"Sage force order",target/watdiv10M
"fr.gdd.sage.WatdivBenchmark.execute","ss",1,1,"41,543000",NaN,"ms/op",sage-jena-benchmarks/queries/watdiv_with_sage_plan/query_10153.sparql,"Sage force order",target/watdiv10M
"fr.gdd.sage.WatdivBenchmark.execute","ss",1,1,"28,615750",NaN,"ms/op",sage-jena-benchmarks/queries/watdiv_with_sage_plan/query_10053.sparql,"Sage force order",target/watdiv10M
"fr.gdd.sage.WatdivBenchmark.execute","ss",1,1,"1,386291",NaN,"ms/op",sage-jena-benchmarks/queries/watdiv_with_sage_plan/query_10106.sparql,"Sage force order",target/watdiv10M
"fr.gdd.sage.WatdivBenchmark.execute","ss",1,1,"0,749000",NaN,"ms/op",sage-jena-benchmarks/queries/watdiv_with_sage_plan/query_10006.sparql,"Sage force order",target/watdiv10M
"fr.gdd.sage.WatdivBenchmark.execute","ss",1,1,"6,699500",NaN,"ms/op",sage-jena-benchmarks/queries/watdiv_with_sage_plan/query_1008.sparql,"Sage force order",target/watdiv10M
"fr.gdd.sage.WatdivBenchmark.execute","ss",1,1,"5,237125",NaN,"ms/op",sage-jena-benchmarks/queries/watdiv_with_sage_plan/query_10118.sparql,"Sage force order",target/watdiv10M
"fr.gdd.sage.WatdivBenchmark.execute","ss",1,1,"6,553125",NaN,"ms/op",sage-jena-benchmarks/queries/watdiv_with_sage_plan/query_1016.sparql,"Sage force order",target/watdiv10M
"fr.gdd.sage.WatdivBenchmark.execute","ss",1,1,"11,896750",NaN,"ms/op",sage-jena-benchmarks/queries/watdiv_with_sage_plan/query_10018.sparql,"Sage force order",target/watdiv10M
"fr.gdd.sage.WatdivBenchmark.execute","ss",1,1,"47,596791",NaN,"ms/op",sage-jena-benchmarks/queries/watdiv_with_sage_plan/query_10165.sparql,"Sage force order",target/watdiv10M
"fr.gdd.sage.WatdivBenchmark.execute","ss",1,1,"23,353416",NaN,"ms/op",sage-jena-benchmarks/queries/watdiv_with_sage_plan/query_10065.sparql,"Sage force order",target/watdiv10M
"fr.gdd.sage.WatdivBenchmark.execute","ss",1,1,"14,414792",NaN,"ms/op",sage-jena-benchmarks/queries/watdiv_with_sage_plan/query_10014.sparql,"Sage force order",target/watdiv10M
"fr.gdd.sage.WatdivBenchmark.execute","ss",1,1,"80,631583",NaN,"ms/op",sage-jena-benchmarks/queries/watdiv_with_sage_plan/query_10114.sparql,"Sage force order",target/watdiv10M
"fr.gdd.sage.WatdivBenchmark.execute","ss",1,1,"672,157375",NaN,"ms/op",sage-jena-benchmarks/queries/watdiv_with_sage_plan/query_10169.sparql,"Sage force order",target/watdiv10M
"fr.gdd.sage.WatdivBenchmark.execute","ss",1,1,"0,815250",NaN,"ms/op",sage-jena-benchmarks/queries/watdiv_with_sage_plan/query_1004.sparql,"Sage force order",target/watdiv10M
"fr.gdd.sage.WatdivBenchmark.execute","ss",1,1,"0,809500",NaN,"ms/op",sage-jena-benchmarks/queries/watdiv_with_sage_plan/query_10077.sparql,"Sage force order",target/watdiv10M
"fr.gdd.sage.WatdivBenchmark.execute","ss",1,1,"6,031541",NaN,"ms/op",sage-jena-benchmarks/queries/watdiv_with_sage_plan/query_10151.sparql,"Sage force order",target/watdiv10M
"fr.gdd.sage.WatdivBenchmark.execute","ss",1,1,"42,332792",NaN,"ms/op",sage-jena-benchmarks/queries/watdiv_with_sage_plan/query_10051.sparql,"Sage force order",target/watdiv10M
"fr.gdd.sage.WatdivBenchmark.execute","ss",1,1,"0,757666",NaN,"ms/op",sage-jena-benchmarks/queries/watdiv_with_sage_plan/query_10132.sparql,"Sage force order",target/watdiv10M
"fr.gdd.sage.WatdivBenchmark.execute","ss",1,1,"17,799542",NaN,"ms/op",sage-jena-benchmarks/queries/watdiv_with_sage_plan/query_10032.sparql,"Sage force order",target/watdiv10M
"fr.gdd.sage.WatdivBenchmark.execute","ss",1,1,"5,810750",NaN,"ms/op",sage-jena-benchmarks/queries/watdiv_with_sage_plan/query_10043.sparql,"Sage force order",target/watdiv10M
"fr.gdd.sage.WatdivBenchmark.execute","ss",1,1,"7,253083",NaN,"ms/op",sage-jena-benchmarks/queries/watdiv_with_sage_plan/query_10143.sparql,"Sage force order",target/watdiv10M
"fr.gdd.sage.WatdivBenchmark.execute","ss",1,1,"29,889333",NaN,"ms/op",sage-jena-benchmarks/queries/watdiv_with_sage_plan/query_10120.sparql,"Sage force order",target/watdiv10M
"fr.gdd.sage.WatdivBenchmark.execute","ss",1,1,"9,166208",NaN,"ms/op",sage-jena-benchmarks/queries/watdiv_with_sage_plan/query_10008.sparql,"Sage force order",target/watdiv10M
"fr.gdd.sage.WatdivBenchmark.execute","ss",1,1,"19,014125",NaN,"ms/op",sage-jena-benchmarks/queries/watdiv_with_sage_plan/query_1006.sparql,"Sage force order",target/watdiv10M
"fr.gdd.sage.WatdivBenchmark.execute","ss",1,1,"80,573667",NaN,"ms/op",sage-jena-benchmarks/queries/watdiv_with_sage_plan/query_10108.sparql,"Sage force order",target/watdiv10M
"fr.gdd.sage.WatdivBenchmark.execute","ss",1,1,"15,711333",NaN,"ms/op",sage-jena-benchmarks/queries/watdiv_with_sage_plan/query_10075.sparql,"Sage force order",target/watdiv10M
"fr.gdd.sage.WatdivBenchmark.execute","ss",1,1,"17,455459",NaN,"ms/op",sage-jena-benchmarks/queries/watdiv_with_sage_plan/query_10016.sparql,"Sage force order",target/watdiv10M
"fr.gdd.sage.WatdivBenchmark.execute","ss",1,1,"18,717375",NaN,"ms/op",sage-jena-benchmarks/queries/watdiv_with_sage_plan/query_10116.sparql,"Sage force order",target/watdiv10M
"fr.gdd.sage.WatdivBenchmark.execute","ss",1,1,"0,930709",NaN,"ms/op",sage-jena-benchmarks/queries/watdiv_with_sage_plan/query_1014.sparql,"Sage force order",target/watdiv10M
"fr.gdd.sage.WatdivBenchmark.execute","ss",1,1,"18,763167",NaN,"ms/op",sage-jena-benchmarks/queries/watdiv_with_sage_plan/query_10167.sparql,"Sage force order",target/watdiv10M
"fr.gdd.sage.WatdivBenchmark.execute","ss",1,1,"1,694375",NaN,"ms/op",sage-jena-benchmarks/queries/watdiv_with_sage_plan/query_10067.sparql,"Sage force order",target/watdiv10M
"fr.gdd.sage.WatdivBenchmark.execute","ss",1,1,"5,643041",NaN,"ms/op",sage-jena-benchmarks/queries/watdiv_with_sage_plan/query_10104.sparql,"Sage force order",target/watdiv10M
"fr.gdd.sage.WatdivBenchmark.execute","ss",1,1,"54,111833",NaN,"ms/op",sage-jena-benchmarks/queries/watdiv_with_sage_plan/query_10004.sparql,"Sage force order",target/watdiv10M
"fr.gdd.sage.WatdivBenchmark.execute","ss",1,1,"56,104458",NaN,"ms/op",sage-jena-benchmarks/queries/watdiv_with_sage_plan/query_10079.sparql,"Sage force order",target/watdiv10M
"fr.gdd.sage.WatdivBenchmark.execute","ss",1,1,"5,265875",NaN,"ms/op",sage-jena-benchmarks/queries/watdiv_with_sage_plan/query_10094.sparql,"Sage force order",target/watdiv10M
"fr.gdd.sage.WatdivBenchmark.execute","ss",1,1,"17,728833",NaN,"ms/op",sage-jena-benchmarks/queries/watdiv_with_sage_plan/query_10098.sparql,"Sage force order",target/watdiv10M
"fr.gdd.sage.WatdivBenchmark.execute","ss",1,1,"6,912167",NaN,"ms/op",sage-jena-benchmarks/queries/watdiv_with_sage_plan/query_10086.sparql,"Sage force order",target/watdiv10M
"fr.gdd.sage.WatdivBenchmark.execute","ss",1,1,"1,310000",NaN,"ms/op",sage-jena-benchmarks/queries/watdiv_with_sage_plan/query_10163.sparql,"Sage force order",target/watdiv10M
"fr.gdd.sage.WatdivBenchmark.execute","ss",1,1,"5,595792",NaN,"ms/op",sage-jena-benchmarks/queries/watdiv_with_sage_plan/query_10063.sparql,"Sage force order",target/watdiv10M
"fr.gdd.sage.WatdivBenchmark.execute","ss",1,1,"5,643500",NaN,"ms/op",sage-jena-benchmarks/queries/watdiv_with_sage_plan/query_100.sparql,"Sage force order",target/watdiv10M
"fr.gdd.sage.WatdivBenchmark.execute","ss",1,1,"39,157500",NaN,"ms/op",sage-jena-benchmarks/queries/watdiv_with_sage_plan/query_1010.sparql,"Sage force order",target/watdiv10M
"fr.gdd.sage.WatdivBenchmark.execute","ss",1,1,"434,801000",NaN,"ms/op",sage-jena-benchmarks/queries/watdiv_with_sage_plan/query_10100.sparql,"Sage force order",target/watdiv10M
"fr.gdd.sage.WatdivBenchmark.execute","ss",1,1,"6,206750",NaN,"ms/op",sage-jena-benchmarks/queries/watdiv_with_sage_plan/query_10000.sparql,"Sage force order",target/watdiv10M
"fr.gdd.sage.WatdivBenchmark.execute","ss",1,1,"28,012333",NaN,"ms/op",sage-jena-benchmarks/queries/watdiv_with_sage_plan/query_10071.sparql,"Sage force order",target/watdiv10M
"fr.gdd.sage.WatdivBenchmark.execute","ss",1,1,"37,069792",NaN,"ms/op",sage-jena-benchmarks/queries/watdiv_with_sage_plan/query_10171.sparql,"Sage force order",target/watdiv10M
"fr.gdd.sage.WatdivBenchmark.execute","ss",1,1,"6,500708",NaN,"ms/op",sage-jena-benchmarks/queries/watdiv_with_sage_plan/query_1002.sparql,"Sage force order",target/watdiv10M
"fr.gdd.sage.WatdivBenchmark.execute","ss",1,1,"48,527667",NaN,"ms/op",sage-jena-benchmarks/queries/watdiv_with_sage_plan/query_10112.sparql,"Sage force order",target/watdiv10M
"fr.gdd.sage.WatdivBenchmark.execute","ss",1,1,"18,116959",NaN,"ms/op",sage-jena-benchmarks/queries/watdiv_with_sage_plan/query_10047.sparql,"Sage force order",target/watdiv10M
"fr.gdd.sage.WatdivBenchmark.execute","ss",1,1,"3,930417",NaN,"ms/op",sage-jena-benchmarks/queries/watdiv_with_sage_plan/query_10147.sparql,"Sage force order",target/watdiv10M
"fr.gdd.sage.WatdivBenchmark.execute","ss",1,1,"29,450292",NaN,"ms/op",sage-jena-benchmarks/queries/watdiv_with_sage_plan/query_10059.sparql,"Sage force order",target/watdiv10M
"fr.gdd.sage.WatdivBenchmark.execute","ss",1,1,"90,666125",NaN,"ms/op",sage-jena-benchmarks/queries/watdiv_with_sage_plan/query_10159.sparql,"Sage force order",target/watdiv10M
"fr.gdd.sage.WatdivBenchmark.execute","ss",1,1,"1,117125",NaN,"ms/op",sage-jena-benchmarks/queries/watdiv_with_sage_plan/query_10024.sparql,"Sage force order",target/watdiv10M
"fr.gdd.sage.WatdivBenchmark.execute","ss",1,1,"1544,486333",NaN,"ms/op",sage-jena-benchmarks/queries/watdiv_with_sage_plan/query_10124.sparql,"Sage force order",target/watdiv10M
"fr.gdd.sage.WatdivBenchmark.execute","ss",1,1,"1,110500",NaN,"ms/op",sage-jena-benchmarks/queries/watdiv_with_sage_plan/query_10155.sparql,"Sage force order",target/watdiv10M
"fr.gdd.sage.WatdivBenchmark.execute","ss",1,1,"4,521500",NaN,"ms/op",sage-jena-benchmarks/queries/watdiv_with_sage_plan/query_10055.sparql,"Sage force order",target/watdiv10M
"fr.gdd.sage.WatdivBenchmark.execute","ss",1,1,"16,611625",NaN,"ms/op",sage-jena-benchmarks/queries/watdiv_with_sage_plan/query_10128.sparql,"Sage force order",target/watdiv10M
"fr.gdd.sage.WatdivBenchmark.execute","ss",1,1,"3,296458",NaN,"ms/op",sage-jena-benchmarks/queries/watdiv_with_sage_plan/query_10028.sparql,"Sage force order",target/watdiv10M
"fr.gdd.sage.WatdivBenchmark.execute","ss",1,1,"16,847042",NaN,"ms/op",sage-jena-benchmarks/queries/watdiv_with_sage_plan/query_10136.sparql,"Sage force order",target/watdiv10M
"fr.gdd.sage.WatdivBenchmark.execute","ss",1,1,"6,037083",NaN,"ms/op",sage-jena-benchmarks/queries/watdiv_with_sage_plan/query_10036.sparql,"Sage force order",target/watdiv10M
"fr.gdd.sage.WatdivBenchmark.execute","ss",1,1,"7,043708",NaN,"ms/op",sage-jena-benchmarks/queries/watdiv_with_sage_plan/query_10090.sparql,"Sage force order",target/watdiv10M
"fr.gdd.sage.WatdivBenchmark.execute","ss",1,1,"20,512834",NaN,"ms/op",sage-jena-benchmarks/queries/watdiv_with_sage_plan/query_10092.sparql,"Sage force order",target/watdiv10M
"fr.gdd.sage.WatdivBenchmark.execute","ss",1,1,"21,214208",NaN,"ms/op",sage-jena-benchmarks/queries/watdiv_with_sage_plan/query_10080.sparql,"Sage force order",target/watdiv10M
"fr.gdd.sage.WatdivBenchmark.execute","ss",1,1,"5,571000",NaN,"ms/op",sage-jena-benchmarks/queries/watdiv_with_sage_plan/query_10010.sparql,"Sage force order",target/watdiv10M
"fr.gdd.sage.WatdivBenchmark.execute","ss",1,1,"17,222791",NaN,"ms/op",sage-jena-benchmarks/queries/watdiv_with_sage_plan/query_10110.sparql,"Sage force order",target/watdiv10M
"fr.gdd.sage.WatdivBenchmark.execute","ss",1,1,"55,851000",NaN,"ms/op",sage-jena-benchmarks/queries/watdiv_with_sage_plan/query_10073.sparql,"Sage force order",target/watdiv10M
"fr.gdd.sage.WatdivBenchmark.execute","ss",1,1,"19,207875",NaN,"ms/op",sage-jena-benchmarks/queries/watdiv_with_sage_plan/query_10173.sparql,"Sage force order",target/watdiv10M
"fr.gdd.sage.WatdivBenchmark.execute","ss",1,1,"1445,566500",NaN,"ms/op",sage-jena-benchmarks/queries/watdiv_with_sage_plan/query_1000.sparql,"Sage force order",target/watdiv10M
"fr.gdd.sage.WatdivBenchmark.execute","ss",1,1,"41,208917",NaN,"ms/op",sage-jena-benchmarks/queries/watdiv_with_sage_plan/query_10102.sparql,"Sage force order",target/watdiv10M
"fr.gdd.sage.WatdivBenchmark.execute","ss",1,1,"3,076083",NaN,"ms/op",sage-jena-benchmarks/queries/watdiv_with_sage_plan/query_10002.sparql,"Sage force order",target/watdiv10M
"fr.gdd.sage.WatdivBenchmark.execute","ss",1,1,"39,803417",NaN,"ms/op",sage-jena-benchmarks/queries/watdiv_with_sage_plan/query_10161.sparql,"Sage force order",target/watdiv10M
"fr.gdd.sage.WatdivBenchmark.execute","ss",1,1,"66,713583",NaN,"ms/op",sage-jena-benchmarks/queries/watdiv_with_sage_plan/query_1012.sparql,"Sage force order",target/watdiv10M
"fr.gdd.sage.WatdivBenchmark.execute","ss",1,1,"0,953083",NaN,"ms/op",sage-jena-benchmarks/queries/watdiv_with_sage_plan/query_10149.sparql,"Sage force order",target/watdiv10M
"fr.gdd.sage.WatdivBenchmark.execute","ss",1,1,"6,020875",NaN,"ms/op",sage-jena-benchmarks/queries/watdiv_with_sage_plan/query_10049.sparql,"Sage force order",target/watdiv10M
"fr.gdd.sage.WatdivBenchmark.execute","ss",1,1,"37,598084",NaN,"ms/op",sage-jena-benchmarks/queries/watdiv_with_sage_plan/query_10134.sparql,"Sage force order",target/watdiv10M
"fr.gdd.sage.WatdivBenchmark.execute","ss",1,1,"1,209250",NaN,"ms/op",sage-jena-benchmarks/queries/watdiv_with_sage_plan/query_10034.sparql,"Sage force order",target/watdiv10M
"fr.gdd.sage.WatdivBenchmark.execute","ss",1,1,"7,443083",NaN,"ms/op",sage-jena-benchmarks/queries/watdiv_with_sage_plan/query_10157.sparql,"Sage force order",target/watdiv10M
"fr.gdd.sage.WatdivBenchmark.execute","ss",1,1,"13,342333",NaN,"ms/op",sage-jena-benchmarks/queries/watdiv_with_sage_plan/query_10057.sparql,"Sage force order",target/watdiv10M
"fr.gdd.sage.WatdivBenchmark.execute","ss",1,1,"5,856417",NaN,"ms/op",sage-jena-benchmarks/queries/watdiv_with_sage_plan/query_10026.sparql,"Sage force order",target/watdiv10M
"fr.gdd.sage.WatdivBenchmark.execute","ss",1,1,"6,063584",NaN,"ms/op",sage-jena-benchmarks/queries/watdiv_with_sage_plan/query_10126.sparql,"Sage force order",target/watdiv10M
"fr.gdd.sage.WatdivBenchmark.execute","ss",1,1,"32,562625",NaN,"ms/op",sage-jena-benchmarks/queries/watdiv_with_sage_plan/query_10045.sparql,"Sage force order",target/watdiv10M
"fr.gdd.sage.WatdivBenchmark.execute","ss",1,1,"9,688167",NaN,"ms/op",sage-jena-benchmarks/queries/watdiv_with_sage_plan/query_10145.sparql,"Sage force order",target/watdiv10M
"fr.gdd.sage.WatdivBenchmark.execute","ss",1,1,"16,700541",NaN,"ms/op",sage-jena-benchmarks/queries/watdiv_with_sage_plan/query_10038.sparql,"Sage force order",target/watdiv10M
"fr.gdd.sage.WatdivBenchmark.execute","ss",1,1,"16,083917",NaN,"ms/op",sage-jena-benchmarks/queries/watdiv_with_sage_plan/query_10138.sparql,"Sage force order",target/watdiv10M
"fr.gdd.sage.WatdivBenchmark.execute","ss",1,1,"8,155958",NaN,"ms/op",sage-jena-benchmarks/queries/watdiv_with_sage_plan/query_10064.sparql,"Sage force order",target/watdiv10M
"fr.gdd.sage.WatdivBenchmark.execute","ss",1,1,"17,817750",NaN,"ms/op",sage-jena-benchmarks/queries/watdiv_with_sage_plan/query_10164.sparql,"Sage force order",target/watdiv10M
"fr.gdd.sage.WatdivBenchmark.execute","ss",1,1,"20,601833",NaN,"ms/op",sage-jena-benchmarks/queries/watdiv_with_sage_plan/query_10019.sparql,"Sage force order",target/watdiv10M
"fr.gdd.sage.WatdivBenchmark.execute","ss",1,1,"32,276042",NaN,"ms/op",sage-jena-benchmarks/queries/watdiv_with_sage_plan/query_10119.sparql,"Sage force order",target/watdiv10M
"fr.gdd.sage.WatdivBenchmark.execute","ss",1,1,"369,883584",NaN,"ms/op",sage-jena-benchmarks/queries/watdiv_with_sage_plan/query_10007.sparql,"Sage force order",target/watdiv10M
"fr.gdd.sage.WatdivBenchmark.execute","ss",1,1,"2,517791",NaN,"ms/op",sage-jena-benchmarks/queries/watdiv_with_sage_plan/query_1009.sparql,"Sage force order",target/watdiv10M
"fr.gdd.sage.WatdivBenchmark.execute","ss",1,1,"3,239875",NaN,"ms/op",sage-jena-benchmarks/queries/watdiv_with_sage_plan/query_10107.sparql,"Sage force order",target/watdiv10M
"fr.gdd.sage.WatdivBenchmark.execute","ss",1,1,"4,648083",NaN,"ms/op",sage-jena-benchmarks/queries/watdiv_with_sage_plan/query_10076.sparql,"Sage force order",target/watdiv10M
"fr.gdd.sage.WatdivBenchmark.execute","ss",1,1,"17,980083",NaN,"ms/op",sage-jena-benchmarks/queries/watdiv_with_sage_plan/query_1005.sparql,"Sage force order",target/watdiv10M
"fr.gdd.sage.WatdivBenchmark.execute","ss",1,1,"5,212291",NaN,"ms/op",sage-jena-benchmarks/queries/watdiv_with_sage_plan/query_10068.sparql,"Sage force order",target/watdiv10M
"fr.gdd.sage.WatdivBenchmark.execute","ss",1,1,"6,564833",NaN,"ms/op",sage-jena-benchmarks/queries/watdiv_with_sage_plan/query_10115.sparql,"Sage force order",target/watdiv10M
"fr.gdd.sage.WatdivBenchmark.execute","ss",1,1,"4,716125",NaN,"ms/op",sage-jena-benchmarks/queries/watdiv_with_sage_plan/query_10015.sparql,"Sage force order",target/watdiv10M
"fr.gdd.sage.WatdivBenchmark.execute","ss",1,1,"12,325583",NaN,"ms/op",sage-jena-benchmarks/queries/watdiv_with_sage_plan/query_10140.sparql,"Sage force order",target/watdiv10M
"fr.gdd.sage.WatdivBenchmark.execute","ss",1,1,"1,836625",NaN,"ms/op",sage-jena-benchmarks/queries/watdiv_with_sage_plan/query_10040.sparql,"Sage force order",target/watdiv10M
"fr.gdd.sage.WatdivBenchmark.execute","ss",1,1,"166,574500",NaN,"ms/op",sage-jena-benchmarks/queries/watdiv_with_sage_plan/query_10123.sparql,"Sage force order",target/watdiv10M
"fr.gdd.sage.WatdivBenchmark.execute","ss",1,1,"6,705750",NaN,"ms/op",sage-jena-benchmarks/queries/watdiv_with_sage_plan/query_10023.sparql,"Sage force order",target/watdiv10M
"fr.gdd.sage.WatdivBenchmark.execute","ss",1,1,"55,432167",NaN,"ms/op",sage-jena-benchmarks/queries/watdiv_with_sage_plan/query_10052.sparql,"Sage force order",target/watdiv10M
"fr.gdd.sage.WatdivBenchmark.execute","ss",1,1,"6,908625",NaN,"ms/op",sage-jena-benchmarks/queries/watdiv_with_sage_plan/query_10152.sparql,"Sage force order",target/watdiv10M
"fr.gdd.sage.WatdivBenchmark.execute","ss",1,1,"7,695125",NaN,"ms/op",sage-jena-benchmarks/queries/watdiv_with_sage_plan/query_10031.sparql,"Sage force order",target/watdiv10M
"fr.gdd.sage.WatdivBenchmark.execute","ss",1,1,"32,986417",NaN,"ms/op",sage-jena-benchmarks/queries/watdiv_with_sage_plan/query_10131.sparql,"Sage force order",target/watdiv10M
"fr.gdd.sage.WatdivBenchmark.execute","ss",1,1,"160,942625",NaN,"ms/op",sage-jena-benchmarks/queries/watdiv_with_sage_plan/query_10085.sparql,"Sage force order",target/watdiv10M
"fr.gdd.sage.WatdivBenchmark.execute","ss",1,1,"11,723958",NaN,"ms/op",sage-jena-benchmarks/queries/watdiv_with_sage_plan/query_10089.sparql,"Sage force order",target/watdiv10M
"fr.gdd.sage.WatdivBenchmark.execute","ss",1,1,"35,798500",NaN,"ms/op",sage-jena-benchmarks/queries/watdiv_with_sage_plan/query_10097.sparql,"Sage force order",target/watdiv10M
"fr.gdd.sage.WatdivBenchmark.execute","ss",1,1,"0,931917",NaN,"ms/op",sage-jena-benchmarks/queries/watdiv_with_sage_plan/query_10095.sparql,"Sage force order",target/watdiv10M
"fr.gdd.sage.WatdivBenchmark.execute","ss",1,1,"4,864250",NaN,"ms/op",sage-jena-benchmarks/queries/watdiv_with_sage_plan/query_10087.sparql,"Sage force order",target/watdiv10M
"fr.gdd.sage.WatdivBenchmark.execute","ss",1,1,"43,486875",NaN,"ms/op",sage-jena-benchmarks/queries/watdiv_with_sage_plan/query_10099.sparql,"Sage force order",target/watdiv10M
"fr.gdd.sage.WatdivBenchmark.execute","ss",1,1,"1,280500",NaN,"ms/op",sage-jena-benchmarks/queries/watdiv_with_sage_plan/query_10117.sparql,"Sage force order",target/watdiv10M
"fr.gdd.sage.WatdivBenchmark.execute","ss",1,1,"22,081500",NaN,"ms/op",sage-jena-benchmarks/queries/watdiv_with_sage_plan/query_10017.sparql,"Sage force order",target/watdiv10M
"fr.gdd.sage.WatdivBenchmark.execute","ss",1,1,"5,066250",NaN,"ms/op",sage-jena-benchmarks/queries/watdiv_with_sage_plan/query_10074.sparql,"Sage force order",target/watdiv10M
"fr.gdd.sage.WatdivBenchmark.execute","ss",1,1,"150,607875",NaN,"ms/op",sage-jena-benchmarks/queries/watdiv_with_sage_plan/query_10109.sparql,"Sage force order",target/watdiv10M
"fr.gdd.sage.WatdivBenchmark.execute","ss",1,1,"104,126875",NaN,"ms/op",sage-jena-benchmarks/queries/watdiv_with_sage_plan/query_10009.sparql,"Sage force order",target/watdiv10M
"fr.gdd.sage.WatdivBenchmark.execute","ss",1,1,"1,872709",NaN,"ms/op",sage-jena-benchmarks/queries/watdiv_with_sage_plan/query_1007.sparql,"Sage force order",target/watdiv10M
"fr.gdd.sage.WatdivBenchmark.execute","ss",1,1,"1,214708",NaN,"ms/op",sage-jena-benchmarks/queries/watdiv_with_sage_plan/query_10005.sparql,"Sage force order",target/watdiv10M
"fr.gdd.sage.WatdivBenchmark.execute","ss",1,1,"229,005500",NaN,"ms/op",sage-jena-benchmarks/queries/watdiv_with_sage_plan/query_10105.sparql,"Sage force order",target/watdiv10M
"fr.gdd.sage.WatdivBenchmark.execute","ss",1,1,"13,671500",NaN,"ms/op",sage-jena-benchmarks/queries/watdiv_with_sage_plan/query_10066.sparql,"Sage force order",target/watdiv10M
"fr.gdd.sage.WatdivBenchmark.execute","ss",1,1,"112,249750",NaN,"ms/op",sage-jena-benchmarks/queries/watdiv_with_sage_plan/query_10166.sparql,"Sage force order",target/watdiv10M
"fr.gdd.sage.WatdivBenchmark.execute","ss",1,1,"5,211042",NaN,"ms/op",sage-jena-benchmarks/queries/watdiv_with_sage_plan/query_1015.sparql,"Sage force order",target/watdiv10M
"fr.gdd.sage.WatdivBenchmark.execute","ss",1,1,"27,516541",NaN,"ms/op",sage-jena-benchmarks/queries/watdiv_with_sage_plan/query_10033.sparql,"Sage force order",target/watdiv10M
"fr.gdd.sage.WatdivBenchmark.execute","ss",1,1,"1,585750",NaN,"ms/op",sage-jena-benchmarks/queries/watdiv_with_sage_plan/query_10133.sparql,"Sage force order",target/watdiv10M
"fr.gdd.sage.WatdivBenchmark.execute","ss",1,1,"0,842083",NaN,"ms/op",sage-jena-benchmarks/queries/watdiv_with_sage_plan/query_10050.sparql,"Sage force order",target/watdiv10M
"fr.gdd.sage.WatdivBenchmark.execute","ss",1,1,"0,979375",NaN,"ms/op",sage-jena-benchmarks/queries/watdiv_with_sage_plan/query_10121.sparql,"Sage force order",target/watdiv10M
"fr.gdd.sage.WatdivBenchmark.execute","ss",1,1,"33,556250",NaN,"ms/op",sage-jena-benchmarks/queries/watdiv_with_sage_plan/query_10021.sparql,"Sage force order",target/watdiv10M
"fr.gdd.sage.WatdivBenchmark.execute","ss",1,1,"19,784625",NaN,"ms/op",sage-jena-benchmarks/queries/watdiv_with_sage_plan/query_10142.sparql,"Sage force order",target/watdiv10M
"fr.gdd.sage.WatdivBenchmark.execute","ss",1,1,"19,246792",NaN,"ms/op",sage-jena-benchmarks/queries/watdiv_with_sage_plan/query_10042.sparql,"Sage force order",target/watdiv10M
"fr.gdd.sage.WatdivBenchmark.execute","ss",1,1,"5,051333",NaN,"ms/op",sage-jena-benchmarks/queries/watdiv_with_sage_plan/query_10125.sparql,"Sage force order",target/watdiv10M
"fr.gdd.sage.WatdivBenchmark.execute","ss",1,1,"1190,006542",NaN,"ms/op",sage-jena-benchmarks/queries/watdiv_with_sage_plan/query_10025.sparql,"Sage force order",target/watdiv10M
"fr.gdd.sage.WatdivBenchmark.execute","ss",1,1,"60,262000",NaN,"ms/op",sage-jena-benchmarks/queries/watdiv_with_sage_plan/query_10158.sparql,"Sage force order",target/watdiv10M
"fr.gdd.sage.WatdivBenchmark.execute","ss",1,1,"1,271834",NaN,"ms/op",sage-jena-benchmarks/queries/watdiv_with_sage_plan/query_10058.sparql,"Sage force order",target/watdiv10M
"fr.gdd.sage.WatdivBenchmark.execute","ss",1,1,"14,889250",NaN,"ms/op",sage-jena-benchmarks/queries/watdiv_with_sage_plan/query_10146.sparql,"Sage force order",target/watdiv10M
"fr.gdd.sage.WatdivBenchmark.execute","ss",1,1,"1,791209",NaN,"ms/op",sage-jena-benchmarks/queries/watdiv_with_sage_plan/query_10046.sparql,"Sage force order",target/watdiv10M
"fr.gdd.sage.WatdivBenchmark.execute","ss",1,1,"13,153834",NaN,"ms/op",sage-jena-benchmarks/queries/watdiv_with_sage_plan/query_10037.sparql,"Sage force order",target/watdiv10M
"fr.gdd.sage.WatdivBenchmark.execute","ss",1,1,"4,980000",NaN,"ms/op",sage-jena-benchmarks/queries/watdiv_with_sage_plan/query_10137.sparql,"Sage force order",target/watdiv10M
"fr.gdd.sage.WatdivBenchmark.execute","ss",1,1,"20,347833",NaN,"ms/op",sage-jena-benchmarks/queries/watdiv_with_sage_plan/query_10029.sparql,"Sage force order",target/watdiv10M
"fr.gdd.sage.WatdivBenchmark.execute","ss",1,1,"5,538792",NaN,"ms/op",sage-jena-benchmarks/queries/watdiv_with_sage_plan/query_10129.sparql,"Sage force order",target/watdiv10M
"fr.gdd.sage.WatdivBenchmark.execute","ss",1,1,"0,805916",NaN,"ms/op",sage-jena-benchmarks/queries/watdiv_with_sage_plan/query_10054.sparql,"Sage force order",target/watdiv10M
"fr.gdd.sage.WatdivBenchmark.execute","ss",1,1,"4,997709",NaN,"ms/op",sage-jena-benchmarks/queries/watdiv_with_sage_plan/query_10154.sparql,"Sage force order",target/watdiv10M
"fr.gdd.sage.WatdivBenchmark.execute","ss",1,1,"20,491500",NaN,"ms/op",sage-jena-benchmarks/queries/watdiv_with_sage_plan/query_10001.sparql,"Sage force order",target/watdiv10M
"fr.gdd.sage.WatdivBenchmark.execute","ss",1,1,"6,033958",NaN,"ms/op",sage-jena-benchmarks/queries/watdiv_with_sage_plan/query_10101.sparql,"Sage force order",target/watdiv10M
"fr.gdd.sage.WatdivBenchmark.execute","ss",1,1,"1130,737708",NaN,"ms/op",sage-jena-benchmarks/queries/watdiv_with_sage_plan/query_1011.sparql,"Sage force order",target/watdiv10M
"fr.gdd.sage.WatdivBenchmark.execute","ss",1,1,"12,414208",NaN,"ms/op",sage-jena-benchmarks/queries/watdiv_with_sage_plan/query_10062.sparql,"Sage force order",target/watdiv10M
"fr.gdd.sage.WatdivBenchmark.execute","ss",1,1,"14,865250",NaN,"ms/op",sage-jena-benchmarks/queries/watdiv_with_sage_plan/query_10162.sparql,"Sage force order",target/watdiv10M
"fr.gdd.sage.WatdivBenchmark.execute","ss",1,1,"17,742708",NaN,"ms/op",sage-jena-benchmarks/queries/watdiv_with_sage_plan/query_10113.sparql,"Sage force order",target/watdiv10M
"fr.gdd.sage.WatdivBenchmark.execute","ss",1,1,"0,699208",NaN,"ms/op",sage-jena-benchmarks/queries/watdiv_with_sage_plan/query_10013.sparql,"Sage force order",target/watdiv10M
"fr.gdd.sage.WatdivBenchmark.execute","ss",1,1,"357,340250",NaN,"ms/op",sage-jena-benchmarks/queries/watdiv_with_sage_plan/query_1003.sparql,"Sage force order",target/watdiv10M
"fr.gdd.sage.WatdivBenchmark.execute","ss",1,1,"1,237708",NaN,"ms/op",sage-jena-benchmarks/queries/watdiv_with_sage_plan/query_10170.sparql,"Sage force order",target/watdiv10M
"fr.gdd.sage.WatdivBenchmark.execute","ss",1,1,"11,062708",NaN,"ms/op",sage-jena-benchmarks/queries/watdiv_with_sage_plan/query_10070.sparql,"Sage force order",target/watdiv10M
"fr.gdd.sage.WatdivBenchmark.execute","ss",1,1,"199,390334",NaN,"ms/op",sage-jena-benchmarks/queries/watdiv_with_sage_plan/query_10056.sparql,"Sage force order",target/watdiv10M
"fr.gdd.sage.WatdivBenchmark.execute","ss",1,1,"11,329500",NaN,"ms/op",sage-jena-benchmarks/queries/watdiv_with_sage_plan/query_10156.sparql,"Sage force order",target/watdiv10M
"fr.gdd.sage.WatdivBenchmark.execute","ss",1,1,"20,493791",NaN,"ms/op",sage-jena-benchmarks/queries/watdiv_with_sage_plan/query_10035.sparql,"Sage force order",target/watdiv10M
"fr.gdd.sage.WatdivBenchmark.execute","ss",1,1,"14,702542",NaN,"ms/op",sage-jena-benchmarks/queries/watdiv_with_sage_plan/query_10135.sparql,"Sage force order",target/watdiv10M
"fr.gdd.sage.WatdivBenchmark.execute","ss",1,1,"55,592208",NaN,"ms/op",sage-jena-benchmarks/queries/watdiv_with_sage_plan/query_10048.sparql,"Sage force order",target/watdiv10M
"fr.gdd.sage.WatdivBenchmark.execute","ss",1,1,"28,680666",NaN,"ms/op",sage-jena-benchmarks/queries/watdiv_with_sage_plan/query_10148.sparql,"Sage force order",target/watdiv10M
"fr.gdd.sage.WatdivBenchmark.execute","ss",1,1,"1,176125",NaN,"ms/op",sage-jena-benchmarks/queries/watdiv_with_sage_plan/query_10139.sparql,"Sage force order",target/watdiv10M
"fr.gdd.sage.WatdivBenchmark.execute","ss",1,1,"1628,979125",NaN,"ms/op",sage-jena-benchmarks/queries/watdiv_with_sage_plan/query_10039.sparql,"Sage force order",target/watdiv10M
"fr.gdd.sage.WatdivBenchmark.execute","ss",1,1,"4,709834",NaN,"ms/op",sage-jena-benchmarks/queries/watdiv_with_sage_plan/query_10144.sparql,"Sage force order",target/watdiv10M
"fr.gdd.sage.WatdivBenchmark.execute","ss",1,1,"1772,688959",NaN,"ms/op",sage-jena-benchmarks/queries/watdiv_with_sage_plan/query_10044.sparql,"Sage force order",target/watdiv10M
"fr.gdd.sage.WatdivBenchmark.execute","ss",1,1,"0,937042",NaN,"ms/op",sage-jena-benchmarks/queries/watdiv_with_sage_plan/query_10127.sparql,"Sage force order",target/watdiv10M
"fr.gdd.sage.WatdivBenchmark.execute","ss",1,1,"171,459000",NaN,"ms/op",sage-jena-benchmarks/queries/watdiv_with_sage_plan/query_10027.sparql,"Sage force order",target/watdiv10M
"fr.gdd.sage.WatdivBenchmark.execute","ss",1,1,"76,065875",NaN,"ms/op",sage-jena-benchmarks/queries/watdiv_with_sage_plan/query_1001.sparql,"Sage force order",target/watdiv10M
"fr.gdd.sage.WatdivBenchmark.execute","ss",1,1,"14,253584",NaN,"ms/op",sage-jena-benchmarks/queries/watdiv_with_sage_plan/query_10172.sparql,"Sage force order",target/watdiv10M
"fr.gdd.sage.WatdivBenchmark.execute","ss",1,1,"13,306500",NaN,"ms/op",sage-jena-benchmarks/queries/watdiv_with_sage_plan/query_10072.sparql,"Sage force order",target/watdiv10M
"fr.gdd.sage.WatdivBenchmark.execute","ss",1,1,"4,971250",NaN,"ms/op",sage-jena-benchmarks/queries/watdiv_with_sage_plan/query_10111.sparql,"Sage force order",target/watdiv10M
"fr.gdd.sage.WatdivBenchmark.execute","ss",1,1,"101,710167",NaN,"ms/op",sage-jena-benchmarks/queries/watdiv_with_sage_plan/query_10011.sparql,"Sage force order",target/watdiv10M
"fr.gdd.sage.WatdivBenchmark.execute","ss",1,1,"17,018583",NaN,"ms/op",sage-jena-benchmarks/queries/watdiv_with_sage_plan/query_1013.sparql,"Sage force order",target/watdiv10M
"fr.gdd.sage.WatdivBenchmark.execute","ss",1,1,"5,307083",NaN,"ms/op",sage-jena-benchmarks/queries/watdiv_with_sage_plan/query_10060.sparql,"Sage force order",target/watdiv10M
"fr.gdd.sage.WatdivBenchmark.execute","ss",1,1,"38,265167",NaN,"ms/op",sage-jena-benchmarks/queries/watdiv_with_sage_plan/query_10160.sparql,"Sage force order",target/watdiv10M
"fr.gdd.sage.WatdivBenchmark.execute","ss",1,1,"56,817583",NaN,"ms/op",sage-jena-benchmarks/queries/watdiv_with_sage_plan/query_10003.sparql,"Sage force order",target/watdiv10M
"fr.gdd.sage.WatdivBenchmark.execute","ss",1,1,"114,847750",NaN,"ms/op",sage-jena-benchmarks/queries/watdiv_with_sage_plan/query_10103.sparql,"Sage force order",target/watdiv10M
"fr.gdd.sage.WatdivBenchmark.execute","ss",1,1,"4,295458",NaN,"ms/op",sage-jena-benchmarks/queries/watdiv_with_sage_plan/query_10093.sparql,"Sage force order",target/watdiv10M
"fr.gdd.sage.WatdivBenchmark.execute","ss",1,1,"2,312958",NaN,"ms/op",sage-jena-benchmarks/queries/watdiv_with_sage_plan/query_10081.sparql,"Sage force order",target/watdiv10M
